iteration,loss
0,1.1025390625
1,0.477294921875
2,0.292236328125
3,0.220458984375
4,0.1844482421875
