iteration,loss
0,0.471435546875
1,0.2410888671875
2,0.175537109375
3,0.1458740234375
4,0.12646484375
